直播间名称,日期,直播时长(小时),带货商品数,成交金额,时均GMV,有效GMV,时均有效GMV,成交订单数,成交件数,成交人数,直播间退款金额,直播间退款订单数,直播间订单退款人数,预估佣金收入,成交件单价,预售订单数,预售创建金额,退款率,成交金额(订单),退款金额(订单),有效GMV(订单),时均有效GMV(订单),退款率(订单),发货前退款金额(订单）,有效投产净值(订单),直播间观看人数,发货后退款金额(订单）,发货前退款率(订单),发货后退款率(订单),直播间观看人次,商品连带率(订单),最高在线人数,平均在线人数,人均看播时长,评论次数,点赞次数,分享次数,新加团人数,新增粉丝数,取关粉丝数,看播粉丝占比,成交粉丝占比,商品曝光人数,商品点击人数,商品点击率(人数),观看成交转化率(人数),直播间商品曝光次数,直播间商品点击次数,商品点击率(次数),点击成交转化率(次数),CTR,看播成交转化率(次数),看播成交转化率(人数),直播间观看-互动率(人数),投产净值,有效投产净值,投放ROI,整体ROI,广告点击率,在投计划数,投放消耗,标准推广消耗,标准推广ROI,全域推广消耗,全域推广ROI,标准推广成交金额,全域推广成交金额,标准推广成交单数,全域推广成交单数,广告观看次数,GPM,广告GPM,平均千次展示费用,广告点击次数,广告点击单价,广告转化成本,整体ROI（订单）,广告平均成单金额,广告引导超1分钟观看人数,标准推广退款金额,标准推广有效GMV,标准推广有效投产净值,标准推广有效ROI,整体智能成交优惠券,标准智能成交优惠券,全域智能成交优惠券
奥利奥官方旗舰店,45693.00 ,8.00 ,3.00 ,30788.81 ,3848.60 ,27477.51 ,3434.69 ,818.00 ,818.00 ,798.00 ,3311.30 ,92.00 ,89.00 ,0.00 ,37.63 ,0.00 ,0.00 ,0.11 ,30659.81 ,3307.30 ,27352.51 ,3419.06 ,0.11 ,2811.51 ,358.92 ,33547.00 ,495.79 ,0.09 ,0.02 ,46396.00 ,1.00 ,565.00 ,89.00 ,53.00 ,0.00 ,6269.00 ,23.00 ,111.00 ,252.00 ,50.00 ,0.10 ,0.07 ,29618.00 ,6281.00 ,0.21 ,0.13 ,96800.00 ,12000.00 ,0.12 ,0.07 ,0.26 ,0.02 ,0.02 ,0.02 ,3795.22 ,483.92 ,1.79 ,1.81 ,0.06 ,0.00 ,26993.59 ,26993.59 ,1.79 ,0.00 ,0.00 ,30011.33 ,0.00 ,803.00 ,0.00 ,0.00 ,663.61 ,744.70 ,0.00 ,0.00 ,0.00 ,33.62 ,1.14 ,37.37 ,0.00 ,0.00 ,30011.33 ,483.92 ,1.11 ,0.00 ,0.00 ,0.00 
奥利奥官方旗舰店,45694.00 ,8.00 ,3.00 ,30547.40 ,3818.43 ,26662.94 ,3332.87 ,826.00 ,848.00 ,808.00 ,3884.46 ,84.00 ,82.00 ,0.00 ,36.02 ,0.00 ,0.00 ,0.13 ,30547.40 ,3884.46 ,26662.94 ,3332.87 ,0.13 ,3421.65 ,-1512.52 ,28286.00 ,462.81 ,0.11 ,0.02 ,37754.00 ,1.00 ,174.00 ,72.00 ,50.00 ,0.00 ,11909.00 ,18.00 ,154.00 ,249.00 ,42.00 ,0.10 ,0.08 ,25195.00 ,5546.00 ,0.22 ,0.15 ,106500.00 ,10600.00 ,0.10 ,0.08 ,0.20 ,0.02 ,0.03 ,0.02 ,2371.94 ,-1512.52 ,1.76 ,1.79 ,0.05 ,0.00 ,28175.46 ,28175.46 ,1.76 ,0.00 ,0.00 ,29695.10 ,0.00 ,810.00 ,0.00 ,0.00 ,809.12 ,938.41 ,0.00 ,0.00 ,0.00 ,34.78 ,1.08 ,36.66 ,0.00 ,0.00 ,29695.10 ,-1512.52 ,1.05 ,0.00 ,0.00 ,0.00 
奥利奥官方旗舰店,45695.00 ,8.00 ,3.00 ,20852.76 ,2606.60 ,19045.12 ,2380.64 ,620.00 ,620.00 ,589.00 ,1807.64 ,59.00 ,59.00 ,0.00 ,33.63 ,0.00 ,0.00 ,0.09 ,20852.76 ,1807.64 ,19045.12 ,2380.64 ,0.09 ,1351.53 ,-835.27 ,13383.00 ,456.11 ,0.06 ,0.02 ,18488.00 ,1.00 ,95.00 ,40.00 ,56.00 ,825.00 ,8929.00 ,17.00 ,112.00 ,167.00 ,40.00 ,0.15 ,0.10 ,12110.00 ,3403.00 ,0.28 ,0.17 ,53700.00 ,6565.00 ,0.12 ,0.09 ,0.18 ,0.03 ,0.04 ,0.04 ,972.37 ,-835.27 ,1.79 ,1.85 ,0.04 ,0.00 ,19880.39 ,19880.39 ,1.79 ,0.00 ,0.00 ,19705.98 ,0.00 ,597.00 ,0.00 ,0.00 ,1127.91 ,1499.35 ,0.00 ,0.00 ,0.00 ,33.30 ,1.05 ,33.01 ,0.00 ,0.00 ,19705.98 ,-835.27 ,0.99 ,0.00 ,0.00 ,0.00 
奥利奥官方旗舰店,45696.00 ,8.00 ,3.00 ,22749.45 ,2843.68 ,17048.89 ,2131.11 ,552.00 ,594.00 ,543.00 ,5700.56 ,86.00 ,86.00 ,0.00 ,38.29 ,0.00 ,0.00 ,0.25 ,22749.45 ,5700.56 ,17048.89 ,2131.11 ,0.25 ,5267.54 ,-2741.72 ,15133.00 ,433.02 ,0.23 ,0.02 ,20145.00 ,1.00 ,120.00 ,38.00 ,51.00 ,648.00 ,12822.00 ,19.00 ,121.00 ,202.00 ,38.00 ,0.13 ,0.07 ,14182.00 ,4542.00 ,0.32 ,0.12 ,49000.00 ,7875.00 ,0.16 ,0.07 ,0.13 ,0.03 ,0.04 ,0.04 ,2958.84 ,-2741.72 ,1.73 ,1.77 ,0.05 ,0.00 ,19790.61 ,19790.61 ,1.73 ,0.00 ,0.00 ,21929.38 ,0.00 ,533.00 ,0.00 ,0.00 ,1129.29 ,1375.92 ,0.00 ,0.00 ,0.00 ,37.13 ,1.15 ,41.14 ,0.00 ,0.00 ,21929.38 ,-2741.72 ,1.11 ,0.00 ,0.00 ,0.00 
奥利奥官方旗舰店,45697.00 ,7.02 ,6.00 ,9919.40 ,1413.02 ,8593.05 ,1224.08 ,239.00 ,248.00 ,238.00 ,1326.35 ,31.00 ,31.00 ,0.00 ,39.84 ,0.00 ,0.00 ,0.13 ,9919.40 ,1326.35 ,8593.05 ,1224.08 ,0.13 ,993.01 ,340.64 ,8316.00 ,333.34 ,0.10 ,0.03 ,11230.00 ,1.00 ,71.00 ,29.00 ,58.00 ,776.00 ,10550.00 ,19.00 ,95.00 ,115.00 ,28.00 ,0.22 ,0.09 ,7840.00 ,2239.00 ,0.28 ,0.11 ,34900.00 ,3796.00 ,0.11 ,0.06 ,0.13 ,0.02 ,0.03 ,0.06 ,1666.99 ,340.64 ,1.71 ,1.78 ,0.06 ,0.00 ,8252.41 ,8252.41 ,1.71 ,0.00 ,0.00 ,9353.40 ,0.00 ,229.00 ,0.00 ,0.00 ,1768.50 ,2454.60 ,0.00 ,0.00 ,0.00 ,36.24 ,1.20 ,40.46 ,0.00 ,0.00 ,9353.40 ,340.64 ,1.13 ,0.00 ,0.00 ,0.00 
奥利奥官方旗舰店,45698.00 ,7.74 ,6.00 ,8958.89 ,1157.48 ,7714.62 ,996.72 ,254.00 ,254.00 ,242.00 ,1244.27 ,35.00 ,34.00 ,0.00 ,42.63 ,0.00 ,0.00 ,0.14 ,8958.89 ,1244.27 ,7714.62 ,996.72 ,0.14 ,985.67 ,-423.20 ,8214.00 ,258.60 ,0.11 ,0.03 ,11455.00 ,1.00 ,73.00 ,23.00 ,55.00 ,918.00 ,13228.00 ,31.00 ,109.00 ,128.00 ,31.00 ,0.27 ,0.09 ,7679.00 ,1833.00 ,0.21 ,0.11 ,28671.00 ,3280.00 ,0.10 ,0.07 ,0.17 ,0.02 ,0.02 ,0.09 ,821.07 ,-423.20 ,1.48 ,1.97 ,0.06 ,0.00 ,8137.82 ,8137.82 ,1.48 ,0.00 ,0.00 ,7985.60 ,0.00 ,236.00 ,0.00 ,0.00 ,1392.93 ,2010.81 ,0.00 ,0.00 ,0.00 ,42.06 ,1.10 ,35.14 ,0.00 ,0.00 ,7985.60 ,-423.20 ,0.98 ,0.00 ,0.00 ,0.00 
奥利奥官方旗舰店,45699.00 ,8.00 ,3.00 ,8372.01 ,1046.50 ,7712.57 ,964.07 ,238.00 ,238.00 ,233.00 ,659.44 ,20.00 ,20.00 ,0.00 ,35.17 ,0.00 ,0.00 ,0.08 ,8372.01 ,659.44 ,7712.57 ,964.07 ,0.08 ,586.64 ,-789.21 ,7301.00 ,72.80 ,0.07 ,0.01 ,10626.00 ,1.00 ,66.00 ,27.00 ,68.00 ,900.00 ,9877.00 ,30.00 ,97.00 ,119.00 ,34.00 ,0.23 ,0.09 ,6807.00 ,1902.00 ,0.28 ,0.12 ,30300.00 ,3384.00 ,0.11 ,0.07 ,0.16 ,0.02 ,0.03 ,0.07 ,-129.77 ,-789.21 ,1.63 ,1.67 ,0.05 ,0.00 ,8501.78 ,8501.78 ,1.63 ,0.00 ,0.00 ,7976.71 ,0.00 ,231.00 ,0.00 ,0.00 ,787.88 ,1223.61 ,0.00 ,0.00 ,0.00 ,36.80 ,0.98 ,34.53 ,0.00 ,0.00 ,7976.71 ,-789.21 ,0.94 ,0.00 ,0.00 ,0.00 
奥利奥官方旗舰店,45700.00 ,8.00 ,3.00 ,10864.10 ,1358.01 ,9716.23 ,1214.53 ,326.00 ,326.00 ,317.00 ,1147.87 ,37.00 ,36.00 ,0.00 ,33.32 ,0.00 ,0.00 ,0.11 ,11272.42 ,1183.81 ,10088.61 ,1261.08 ,0.11 ,943.43 ,-668.36 ,7552.00 ,240.38 ,0.08 ,0.02 ,11319.00 ,1.00 ,102.00 ,31.00 ,84.00 ,1131.00 ,15475.00 ,25.00 ,117.00 ,148.00 ,21.00 ,0.21 ,0.08 ,6943.00 ,1881.00 ,0.27 ,0.17 ,28800.00 ,3610.00 ,0.13 ,0.09 ,0.18 ,0.03 ,0.04 ,0.07 ,107.13 ,-1040.74 ,1.80 ,1.82 ,0.04 ,0.00 ,10756.97 ,10756.97 ,1.80 ,0.00 ,0.00 ,10684.40 ,0.00 ,323.00 ,0.00 ,0.00 ,959.81 ,1577.50 ,0.00 ,0.00 ,0.00 ,33.30 ,1.05 ,33.08 ,0.00 ,0.00 ,10684.40 ,-1040.74 ,0.99 ,0.00 ,0.00 ,0.00 
奥利奥官方旗舰店,45701.00 ,7.65 ,11.00 ,30862.95 ,4034.37 ,27966.54 ,3655.76 ,989.00 ,989.00 ,980.00 ,2896.41 ,96.00 ,96.00 ,0.00 ,20.82 ,0.00 ,0.00 ,0.09 ,30862.95 ,2896.41 ,27966.54 ,3655.76 ,0.09 ,2464.63 ,-2501.24 ,36476.00 ,431.78 ,0.08 ,0.01 ,47290.00 ,1.00 ,834.00 ,75.00 ,38.00 ,1322.00 ,13717.00 ,40.00 ,266.00 ,409.00 ,39.00 ,0.31 ,0.04 ,32418.00 ,8301.00 ,0.34 ,0.08 ,194307.00 ,20871.00 ,0.17 ,0.03 ,0.20 ,0.01 ,0.02 ,0.02 ,395.12 ,-2501.29 ,1.07 ,1.10 ,0.04 ,0.00 ,30467.83 ,30467.83 ,1.07 ,0.00 ,0.00 ,29814.33 ,0.00 ,964.00 ,0.00 ,0.00 ,1322.73 ,1457.77 ,0.00 ,0.00 ,0.00 ,21.49 ,1.01 ,20.63 ,0.00 ,0.00 ,29814.33 ,-2501.29 ,0.98 ,0.00 ,0.00 ,0.00 
奥利奥官方旗舰店,45702.00 ,8.00 ,4.00 ,24399.04 ,3049.88 ,22404.22 ,2800.53 ,783.00 ,785.00 ,771.00 ,1994.82 ,72.00 ,71.00 ,0.00 ,31.08 ,0.00 ,0.00 ,0.08 ,24399.04 ,1994.82 ,22404.22 ,2800.53 ,0.08 ,1501.18 ,-3001.06 ,28071.00 ,493.64 ,0.06 ,0.02 ,37403.00 ,1.00 ,1002.00 ,87.00 ,53.00 ,1004.00 ,25798.00 ,27.00 ,146.00 ,259.00 ,33.00 ,0.08 ,0.06 ,25011.00 ,6246.00 ,0.25 ,0.12 ,103800.00 ,15200.00 ,0.15 ,0.05 ,0.26 ,0.02 ,0.03 ,0.02 ,-1006.24 ,-3001.06 ,1.55 ,1.58 ,0.05 ,0.00 ,25405.28 ,25405.28 ,1.55 ,0.00 ,0.00 ,23840.23 ,0.00 ,771.00 ,0.00 ,0.00 ,652.33 ,738.61 ,0.00 ,0.00 ,0.00 ,32.95 ,0.96 ,30.92 ,0.00 ,0.00 ,23840.23 ,-3001.06 ,0.94 ,0.00 ,0.00 ,0.00 
奥利奥官方旗舰店,45703.00 ,8.00 ,4.00 ,35564.28 ,4445.54 ,31653.30 ,3956.66 ,1119.00 ,1121.00 ,1101.00 ,3910.98 ,126.00 ,125.00 ,0.00 ,31.72 ,0.00 ,0.00 ,0.11 ,35514.38 ,3910.98 ,31603.40 ,3950.43 ,0.11 ,3236.37 ,-155.13 ,42673.00 ,674.61 ,0.09 ,0.02 ,56947.00 ,1.00 ,513.00 ,102.00 ,50.00 ,1052.00 ,15221.00 ,25.00 ,197.00 ,380.00 ,36.00 ,0.06 ,0.07 ,37981.00 ,8485.00 ,0.22 ,0.13 ,179000.00 ,20400.00 ,0.11 ,0.05 ,0.26 ,0.02 ,0.03 ,0.02 ,3805.75 ,-105.23 ,1.76 ,1.80 ,0.06 ,0.00 ,31758.53 ,31758.53 ,1.76 ,0.00 ,0.00 ,34424.99 ,0.00 ,1097.00 ,0.00 ,0.00 ,624.52 ,667.58 ,0.00 ,0.00 ,0.00 ,28.95 ,1.12 ,31.38 ,0.00 ,0.00 ,34424.99 ,-105.23 ,1.08 ,0.00 ,0.00 ,0.00 
奥利奥官方旗舰店,45704.00 ,8.00 ,3.00 ,50955.13 ,6369.39 ,46208.36 ,5776.05 ,1544.00 ,1549.00 ,1521.00 ,4746.77 ,143.00 ,139.00 ,0.00 ,32.89 ,0.00 ,0.00 ,0.09 ,50994.07 ,4746.77 ,46247.30 ,5780.91 ,0.09 ,3875.91 ,2433.25 ,60411.00 ,870.86 ,0.08 ,0.02 ,76791.00 ,1.00 ,891.00 ,172.00 ,43.00 ,238.00 ,5008.00 ,8.00 ,0.00 ,233.00 ,31.00 ,0.04 ,0.05 ,53460.00 ,11506.00 ,0.22 ,0.13 ,232800.00 ,26800.00 ,0.12 ,0.06 ,0.23 ,0.02 ,0.03 ,0.01 ,7141.08 ,2394.31 ,1.75 ,1.79 ,0.05 ,0.00 ,43814.05 ,43814.05 ,1.75 ,0.00 ,0.00 ,49267.84 ,0.00 ,1509.00 ,0.00 ,0.00 ,663.56 ,668.25 ,0.00 ,0.00 ,0.00 ,29.04 ,1.16 ,32.65 ,0.00 ,0.00 ,49267.84 ,2394.31 ,1.12 ,0.00 ,0.00 ,0.00 
奥利奥官方旗舰店,45705.00 ,7.74 ,8.00 ,11897.21 ,1537.11 ,8930.89 ,1153.86 ,280.00 ,313.00 ,268.00 ,2966.32 ,34.00 ,33.00 ,0.00 ,38.01 ,0.00 ,0.00 ,0.25 ,11847.31 ,2966.32 ,8880.99 ,1147.41 ,0.25 ,2841.63 ,180.56 ,13090.00 ,124.69 ,0.24 ,0.01 ,17622.00 ,1.00 ,91.00 ,41.00 ,52.00 ,827.00 ,5018.00 ,16.00 ,52.00 ,108.00 ,21.00 ,0.13 ,0.07 ,11996.00 ,2625.00 ,0.19 ,0.09 ,45549.00 ,5961.00 ,0.11 ,0.04 ,0.18 ,0.01 ,0.02 ,0.04 ,3196.78 ,230.46 ,1.36 ,1.50 ,0.06 ,0.00 ,8700.43 ,8700.43 ,1.36 ,0.00 ,0.00 ,10828.94 ,0.00 ,259.00 ,0.00 ,0.00 ,1024.20 ,1168.07 ,0.00 ,0.00 ,0.00 ,47.62 ,1.36 ,38.67 ,0.00 ,0.00 ,10828.94 ,230.46 ,1.24 ,0.00 ,0.00 ,0.00 
奥利奥官方旗舰店,45706.00 ,8.00 ,4.00 ,24789.20 ,3098.65 ,21722.69 ,2715.34 ,682.00 ,684.00 ,663.00 ,3066.51 ,92.00 ,91.00 ,0.00 ,36.24 ,0.00 ,0.00 ,0.12 ,24739.30 ,3064.51 ,21674.79 ,2709.35 ,0.12 ,2507.80 ,2096.70 ,20570.00 ,556.71 ,0.10 ,0.02 ,27702.00 ,1.00 ,163.00 ,58.00 ,59.00 ,1815.00 ,15245.00 ,51.00 ,6.00 ,204.00 ,38.00 ,0.10 ,0.07 ,18705.00 ,6426.00 ,0.34 ,0.10 ,98500.00 ,14600.00 ,0.15 ,0.05 ,0.13 ,0.02 ,0.03 ,0.06 ,5211.11 ,2144.60 ,1.73 ,1.81 ,0.04 ,0.00 ,19578.09 ,19578.09 ,1.73 ,0.00 ,0.00 ,23350.71 ,0.00 ,653.00 ,0.00 ,0.00 ,894.85 ,1030.89 ,0.00 ,0.00 ,0.00 ,29.98 ,1.26 ,35.76 ,0.00 ,0.00 ,23350.71 ,2144.60 ,1.19 ,0.00 ,0.00 ,0.00 
奥利奥官方旗舰店,45707.00 ,8.00 ,5.00 ,19407.16 ,2425.90 ,14766.36 ,1845.80 ,434.00 ,455.00 ,419.00 ,4640.80 ,52.00 ,51.00 ,0.00 ,42.65 ,0.00 ,0.00 ,0.24 ,19357.26 ,4640.80 ,14716.46 ,1839.56 ,0.24 ,4461.18 ,2217.65 ,11006.00 ,179.62 ,0.23 ,0.01 ,15419.00 ,1.00 ,128.00 ,45.00 ,88.00 ,1897.00 ,20460.00 ,43.00 ,3.00 ,151.00 ,29.00 ,0.17 ,0.08 ,10577.00 ,3946.00 ,0.37 ,0.11 ,63400.00 ,8854.00 ,0.14 ,0.05 ,0.10 ,0.03 ,0.04 ,0.11 ,6908.35 ,2267.55 ,0.00 ,0.00 ,0.00 ,0.00 ,12498.81 ,12498.81 ,0.00 ,0.00 ,0.00 ,0.00 ,0.00 ,407.00 ,0.00 ,0.00 ,0.00 ,0.00 ,0.00 ,0.00 ,0.00 ,30.71 ,1.55 ,0.00 ,0.00 ,0.00 ,0.00 ,2267.55 ,0.00 ,0.00 ,0.00 ,0.00 
奥利奥官方旗舰店,45708.00 ,8.00 ,4.00 ,18381.56 ,2297.70 ,16030.50 ,2003.81 ,490.00 ,492.00 ,479.00 ,2351.06 ,66.00 ,65.00 ,0.00 ,37.36 ,0.00 ,0.00 ,0.13 ,18381.56 ,2351.06 ,16030.50 ,2003.81 ,0.13 ,2218.32 ,2636.95 ,13023.00 ,132.74 ,0.12 ,0.01 ,18045.00 ,1.00 ,155.00 ,50.00 ,78.00 ,1935.00 ,18654.00 ,53.00 ,3.00 ,203.00 ,29.00 ,0.14 ,0.07 ,12617.00 ,4584.00 ,0.36 ,0.10 ,57600.00 ,10600.00 ,0.18 ,0.05 ,0.08 ,0.03 ,0.04 ,0.10 ,4988.01 ,2636.95 ,1.85 ,1.94 ,0.04 ,0.00 ,13393.55 ,13393.55 ,1.85 ,0.00 ,0.00 ,17197.63 ,0.00 ,466.00 ,0.00 ,0.00 ,1018.65 ,1478.22 ,0.00 ,0.00 ,0.00 ,28.74 ,1.37 ,36.90 ,0.00 ,0.00 ,17197.63 ,2636.95 ,1.28 ,0.00 ,0.00 ,0.00 
奥利奥官方旗舰店,45709.00 ,8.00 ,4.00 ,14707.22 ,1838.40 ,10754.84 ,1344.36 ,355.00 ,391.00 ,346.00 ,3952.38 ,55.00 ,53.00 ,0.00 ,37.61 ,0.00 ,0.00 ,0.27 ,14647.32 ,3952.38 ,10694.94 ,1336.87 ,0.27 ,3633.87 ,-108.72 ,13491.00 ,318.51 ,0.25 ,0.02 ,18949.00 ,1.00 ,113.00 ,53.00 ,78.00 ,2062.00 ,21183.00 ,74.00 ,4.00 ,272.00 ,31.00 ,0.15 ,0.10 ,12650.00 ,3589.00 ,0.28 ,0.10 ,57600.00 ,7990.00 ,0.14 ,0.04 ,0.14 ,0.02 ,0.03 ,0.10 ,3903.56 ,-48.82 ,1.88 ,1.93 ,0.04 ,0.00 ,10803.66 ,10803.66 ,1.88 ,0.00 ,0.00 ,14138.17 ,0.00 ,343.00 ,0.00 ,0.00 ,776.15 ,1228.23 ,0.00 ,0.00 ,0.00 ,31.50 ,1.36 ,41.22 ,0.00 ,0.00 ,14138.17 ,-48.82 ,1.31 ,0.00 ,0.00 ,0.00 
奥利奥官方旗舰店,45710.00 ,8.00 ,4.00 ,16821.94 ,2102.74 ,14463.49 ,1807.94 ,487.00 ,487.00 ,478.00 ,2358.45 ,68.00 ,68.00 ,0.00 ,34.54 ,0.00 ,0.00 ,0.14 ,16622.34 ,2308.55 ,14313.79 ,1789.22 ,0.14 ,2154.31 ,1395.19 ,16692.00 ,154.24 ,0.13 ,0.01 ,22531.00 ,1.00 ,126.00 ,53.00 ,66.00 ,1466.00 ,17854.00 ,48.00 ,315.00 ,359.00 ,33.00 ,0.15 ,0.11 ,15648.00 ,4638.00 ,0.30 ,0.10 ,77600.00 ,10000.00 ,0.13 ,0.05 ,0.12 ,0.02 ,0.03 ,0.05 ,3903.34 ,1544.89 ,1.85 ,1.92 ,0.04 ,0.00 ,12918.60 ,12918.60 ,1.85 ,0.00 ,0.00 ,15912.34 ,0.00 ,469.00 ,0.00 ,0.00 ,744.40 ,1062.45 ,0.00 ,0.00 ,0.00 ,27.54 ,1.29 ,33.93 ,0.00 ,0.00 ,15912.34 ,1544.89 ,1.23 ,0.00 ,0.00 ,0.00 
奥利奥官方旗舰店,45711.00 ,8.00 ,4.00 ,14155.97 ,1769.50 ,12189.57 ,1523.70 ,396.00 ,396.00 ,382.00 ,1966.40 ,50.00 ,47.00 ,0.00 ,35.74 ,0.00 ,0.00 ,0.14 ,10483.03 ,1612.23 ,8870.80 ,1108.85 ,0.15 ,1449.66 ,-2369.03 ,14815.00 ,162.57 ,0.14 ,0.02 ,20243.00 ,1.00 ,177.00 ,49.00 ,65.00 ,1454.00 ,17976.00 ,51.00 ,215.00 ,280.00 ,32.00 ,0.15 ,0.08 ,13914.00 ,3836.00 ,0.27 ,0.10 ,69400.00 ,8666.00 ,0.12 ,0.05 ,0.16 ,0.02 ,0.03 ,0.06 ,2916.14 ,949.74 ,1.74 ,1.83 ,0.05 ,0.00 ,11239.83 ,11239.83 ,1.74 ,0.00 ,0.00 ,13108.07 ,0.00 ,375.00 ,0.00 ,0.00 ,699.30 ,981.14 ,0.00 ,0.00 ,0.00 ,29.97 ,0.93 ,34.95 ,0.00 ,0.00 ,13108.07 ,949.74 ,1.17 ,0.00 ,0.00 ,0.00 
怡恩贝官方旗舰店,45696.00 ,2.98 ,9.00 ,1135.66 ,381.09 ,1045.76 ,350.93 ,16.00 ,17.00 ,15.00 ,89.90 ,1.00 ,1.00 ,0.00 ,66.80 ,0.00 ,0.00 ,0.08 ,1164.39 ,89.90 ,1074.49 ,360.57 ,0.08 ,89.90 ,1074.49 ,945.00 ,0.00 ,0.08 ,0.00 ,1214.00 ,1.13 ,17.00 ,10.00 ,78.00 ,66.00 ,1037.00 ,7.00 ,0.00 ,11.00 ,8.00 ,0.61 ,0.40 ,857.00 ,171.00 ,0.20 ,0.09 ,7981.00 ,429.00 ,0.05 ,0.04 ,0.14 ,0.01 ,0.02 ,0.05 ,1135.66 ,1045.76 ,0.00 ,0.00 ,0.08 ,0.00 ,0.00 ,0.00 ,0.00 ,0.00 ,0.00 ,0.00 ,0.00 ,0.00 ,0.00 ,0.00 ,935.47 ,0.00 ,0.00 ,0.00 ,0.00 ,0.00 ,0.00 ,0.00 ,0.00 ,0.00 ,0.00 ,1045.76 ,0.00 ,0.00 ,0.00 ,0.00 
怡恩贝官方旗舰店,45699.00 ,9.90 ,9.00 ,4103.62 ,414.51 ,3584.00 ,362.02 ,58.00 ,61.00 ,53.00 ,519.62 ,6.00 ,6.00 ,0.00 ,67.27 ,0.00 ,0.00 ,0.13 ,4316.48 ,571.58 ,3744.90 ,378.27 ,0.13 ,431.70 ,3744.90 ,2183.00 ,139.88 ,0.10 ,0.03 ,2822.00 ,1.03 ,29.00 ,8.00 ,77.00 ,198.00 ,2074.00 ,11.00 ,1.00 ,33.00 ,16.00 ,0.51 ,0.43 ,2089.00 ,479.00 ,0.23 ,0.11 ,15700.00 ,1137.00 ,0.07 ,0.05 ,0.12 ,0.02 ,0.02 ,0.05 ,4103.62 ,3584.00 ,0.00 ,0.00 ,0.05 ,0.00 ,0.00 ,0.00 ,0.00 ,0.00 ,0.00 ,0.00 ,0.00 ,0.00 ,0.00 ,0.00 ,1454.15 ,0.00 ,0.00 ,0.00 ,0.00 ,0.00 ,0.00 ,0.00 ,0.00 ,0.00 ,0.00 ,3584.00 ,0.00 ,0.00 ,0.00 ,0.00 
怡恩贝官方旗舰店,45700.00 ,9.92 ,7.00 ,3649.92 ,367.94 ,2011.06 ,202.73 ,48.00 ,48.00 ,43.00 ,1638.86 ,19.00 ,17.00 ,0.00 ,76.04 ,0.00 ,0.00 ,0.45 ,3825.84 ,1666.84 ,2159.00 ,217.64 ,0.44 ,710.86 ,2157.44 ,1663.00 ,955.98 ,0.19 ,0.25 ,2379.00 ,1.02 ,18.00 ,6.00 ,91.00 ,922.00 ,6839.00 ,5.00 ,3.00 ,30.00 ,19.00 ,0.59 ,0.44 ,1415.00 ,318.00 ,0.22 ,0.14 ,11900.00 ,698.00 ,0.06 ,0.07 ,0.11 ,0.02 ,0.03 ,0.05 ,3648.36 ,2009.50 ,0.00 ,2339.69 ,0.12 ,7.00 ,1.56 ,1.56 ,0.00 ,0.00 ,0.00 ,0.00 ,0.00 ,0.00 ,0.00 ,0.00 ,1534.22 ,0.00 ,30.59 ,6.00 ,0.26 ,0.00 ,2452.46 ,0.00 ,22.00 ,0.00 ,0.00 ,-1.56 ,0.00 ,0.00 ,0.00 ,0.00 
怡恩贝官方旗舰店,45701.00 ,9.91 ,7.00 ,3506.03 ,353.79 ,1685.19 ,170.05 ,47.00 ,50.00 ,42.00 ,1820.84 ,23.00 ,21.00 ,0.00 ,70.12 ,0.00 ,0.00 ,0.52 ,3534.01 ,1820.84 ,1713.17 ,172.87 ,0.52 ,773.24 ,1663.73 ,1531.00 ,1047.60 ,0.22 ,0.30 ,2210.00 ,1.00 ,16.00 ,6.00 ,91.00 ,883.00 ,3048.00 ,14.00 ,4.00 ,34.00 ,9.00 ,0.58 ,0.43 ,1490.00 ,329.00 ,0.22 ,0.13 ,13400.00 ,735.00 ,0.05 ,0.06 ,0.05 ,0.02 ,0.03 ,0.06 ,3456.59 ,1635.75 ,7.56 ,70.91 ,0.11 ,13.00 ,49.44 ,49.44 ,7.56 ,0.00 ,0.00 ,373.75 ,0.00 ,5.00 ,0.00 ,56.00 ,1586.44 ,6674.11 ,93.99 ,60.00 ,0.82 ,9.89 ,71.48 ,74.75 ,36.00 ,4.70 ,369.05 ,319.61 ,7.46 ,0.00 ,0.00 ,0.00 
怡恩贝官方旗舰店,45702.00 ,10.03 ,7.00 ,3407.54 ,339.73 ,1590.56 ,158.58 ,44.00 ,45.00 ,40.00 ,1816.98 ,21.00 ,20.00 ,0.00 ,75.72 ,0.00 ,0.00 ,0.53 ,3537.48 ,1816.98 ,1720.50 ,171.54 ,0.51 ,833.08 ,1666.95 ,1524.00 ,983.90 ,0.24 ,0.28 ,2237.00 ,1.02 ,19.00 ,5.00 ,89.00 ,1195.00 ,2002.00 ,10.00 ,0.00 ,26.00 ,10.00 ,0.58 ,0.50 ,1377.00 ,275.00 ,0.20 ,0.15 ,13000.00 ,705.00 ,0.05 ,0.06 ,0.08 ,0.02 ,0.03 ,0.06 ,3353.99 ,1537.01 ,8.84 ,63.63 ,0.05 ,12.00 ,53.55 ,53.55 ,8.84 ,0.00 ,0.00 ,473.52 ,0.00 ,7.00 ,0.00 ,66.00 ,1523.26 ,7174.55 ,45.30 ,63.00 ,0.85 ,7.65 ,66.06 ,67.65 ,30.00 ,293.68 ,179.84 ,126.29 ,3.36 ,0.00 ,0.00 ,0.00 
怡恩贝官方旗舰店,45703.00 ,4.02 ,7.00 ,1807.10 ,449.53 ,1047.92 ,260.68 ,23.00 ,23.00 ,23.00 ,759.18 ,10.00 ,10.00 ,0.00 ,78.56 ,0.00 ,0.00 ,0.42 ,1867.06 ,759.18 ,1107.88 ,275.59 ,0.41 ,209.78 ,1051.56 ,965.00 ,549.40 ,0.11 ,0.29 ,1281.00 ,1.00 ,27.00 ,6.00 ,63.00 ,414.00 ,417.00 ,9.00 ,0.00 ,13.00 ,3.00 ,0.54 ,0.43 ,941.00 ,158.00 ,0.17 ,0.15 ,5766.00 ,324.00 ,0.06 ,0.07 ,0.11 ,0.02 ,0.02 ,0.06 ,1750.78 ,991.60 ,6.38 ,32.18 ,0.08 ,13.00 ,56.32 ,56.32 ,6.38 ,0.00 ,0.00 ,354.60 ,0.00 ,4.00 ,0.00 ,91.00 ,1410.69 ,3896.70 ,55.87 ,84.00 ,0.67 ,14.08 ,33.15 ,88.65 ,20.00 ,89.90 ,264.70 ,208.38 ,4.70 ,5.00 ,5.00 ,0.00 
怡恩贝官方旗舰店,45705.00 ,9.94 ,7.00 ,4218.86 ,424.43 ,2492.72 ,250.78 ,62.00 ,64.00 ,57.00 ,1726.14 ,22.00 ,21.00 ,0.00 ,65.91 ,0.00 ,0.00 ,0.41 ,4390.78 ,1726.14 ,2664.64 ,268.07 ,0.39 ,793.16 ,2373.19 ,2075.00 ,932.98 ,0.18 ,0.21 ,3101.00 ,1.05 ,32.00 ,7.00 ,78.00 ,1312.00 ,2212.00 ,16.00 ,1.00 ,39.00 ,21.00 ,0.56 ,0.46 ,1960.00 ,457.00 ,0.23 ,0.12 ,15700.00 ,1038.00 ,0.07 ,0.06 ,0.11 ,0.02 ,0.03 ,0.05 ,3927.41 ,2201.27 ,3.76 ,14.51 ,0.08 ,26.00 ,291.45 ,291.45 ,3.76 ,0.00 ,0.00 ,1085.88 ,0.00 ,16.00 ,0.00 ,322.00 ,1360.48 ,3372.30 ,74.48 ,302.00 ,0.97 ,18.22 ,15.07 ,67.87 ,69.00 ,589.38 ,496.50 ,205.05 ,1.70 ,10.00 ,10.00 ,0.00 
怡恩贝官方旗舰店,45706.00 ,9.97 ,8.00 ,4323.21 ,433.62 ,2688.23 ,269.63 ,64.00 ,67.00 ,61.00 ,1634.98 ,22.00 ,22.00 ,0.00 ,64.52 ,0.00 ,0.00 ,0.38 ,4578.29 ,1684.96 ,2893.33 ,290.20 ,0.37 ,580.28 ,2652.72 ,2014.00 ,1104.68 ,0.13 ,0.24 ,3007.00 ,1.01 ,27.00 ,9.00 ,83.00 ,2454.00 ,6115.00 ,15.00 ,1.00 ,59.00 ,27.00 ,0.51 ,0.34 ,2032.00 ,473.00 ,0.23 ,0.13 ,19100.00 ,1156.00 ,0.06 ,0.06 ,0.11 ,0.02 ,0.03 ,0.07 ,4082.60 ,2447.62 ,4.01 ,17.97 ,0.08 ,20.00 ,240.61 ,240.61 ,4.01 ,0.00 ,0.00 ,965.82 ,0.00 ,14.00 ,0.00 ,279.00 ,1437.72 ,3461.72 ,73.51 ,273.00 ,0.88 ,17.19 ,19.03 ,68.99 ,61.00 ,239.70 ,726.12 ,485.51 ,3.02 ,0.00 ,0.00 ,0.00 
怡恩贝官方旗舰店,45707.00 ,9.90 ,10.00 ,5471.10 ,552.64 ,2616.56 ,264.30 ,79.00 ,85.00 ,70.00 ,2854.54 ,38.00 ,37.00 ,0.00 ,64.36 ,0.00 ,0.00 ,0.52 ,5572.24 ,2854.54 ,2717.70 ,274.52 ,0.51 ,780.14 ,2391.75 ,2222.00 ,2074.40 ,0.14 ,0.37 ,3297.00 ,1.03 ,29.00 ,9.00 ,95.00 ,2922.00 ,8778.00 ,23.00 ,0.00 ,63.00 ,22.00 ,0.48 ,0.40 ,2227.00 ,470.00 ,0.21 ,0.15 ,19600.00 ,1059.00 ,0.05 ,0.07 ,0.11 ,0.02 ,0.03 ,0.07 ,5145.15 ,2290.61 ,4.69 ,16.82 ,0.10 ,27.00 ,325.95 ,325.95 ,4.69 ,0.00 ,0.00 ,1518.22 ,0.00 ,22.00 ,0.00 ,438.00 ,1659.42 ,3466.26 ,73.26 ,427.00 ,0.76 ,14.82 ,17.10 ,69.01 ,95.00 ,1077.66 ,440.56 ,114.61 ,1.35 ,10.00 ,10.00 ,0.00 
怡恩贝官方旗舰店,45708.00 ,9.98 ,10.00 ,8428.55 ,844.54 ,5076.35 ,508.65 ,116.00 ,120.00 ,105.00 ,3352.20 ,49.00 ,45.00 ,0.00 ,70.23 ,0.00 ,0.00 ,0.40 ,8548.61 ,3392.18 ,5156.43 ,516.68 ,0.40 ,1537.88 ,4346.15 ,2689.00 ,1854.30 ,0.18 ,0.22 ,3925.00 ,1.02 ,34.00 ,10.00 ,96.00 ,2763.00 ,9025.00 ,22.00 ,1.00 ,61.00 ,20.00 ,0.50 ,0.53 ,2648.00 ,693.00 ,0.26 ,0.15 ,24900.00 ,1540.00 ,0.06 ,0.08 ,0.10 ,0.03 ,0.04 ,0.08 ,7618.27 ,4266.07 ,4.94 ,10.45 ,0.07 ,22.00 ,810.28 ,810.28 ,4.94 ,0.00 ,0.00 ,3967.59 ,0.00 ,55.00 ,0.00 ,914.00 ,2147.40 ,4340.91 ,59.99 ,926.00 ,0.88 ,14.73 ,10.55 ,72.14 ,180.00 ,1648.10 ,2319.49 ,1509.21 ,2.86 ,36.00 ,36.00 ,0.00 
怡恩贝官方旗舰店,45709.00 ,14.00 ,8.00 ,8918.42 ,637.03 ,4209.72 ,300.69 ,132.00 ,136.00 ,117.00 ,4708.70 ,62.00 ,54.00 ,0.00 ,65.57 ,0.00 ,0.00 ,0.53 ,9056.91 ,4708.70 ,4348.21 ,310.59 ,0.52 ,2786.10 ,3646.38 ,3074.00 ,1922.60 ,0.31 ,0.21 ,4752.00 ,1.01 ,41.00 ,10.00 ,114.00 ,5425.00 ,5607.00 ,18.00 ,2.00 ,64.00 ,23.00 ,0.55 ,0.54 ,3048.00 ,775.00 ,0.25 ,0.15 ,26900.00 ,1767.00 ,0.07 ,0.07 ,0.10 ,0.03 ,0.04 ,0.06 ,8216.59 ,3507.89 ,5.97 ,12.72 ,0.07 ,22.00 ,701.83 ,701.83 ,5.97 ,0.00 ,0.00 ,4182.77 ,0.00 ,63.00 ,0.00 ,1075.00 ,1876.77 ,3890.95 ,44.84 ,1068.00 ,0.66 ,11.14 ,12.90 ,66.39 ,223.00 ,1518.04 ,2664.73 ,1962.90 ,3.80 ,6.00 ,6.00 ,0.00 
怡恩贝官方旗舰店,45710.00 ,14.00 ,9.00 ,10683.98 ,763.14 ,5619.26 ,401.38 ,154.00 ,155.00 ,137.00 ,5064.72 ,68.00 ,59.00 ,0.00 ,68.92 ,0.00 ,0.00 ,0.47 ,11038.92 ,5097.68 ,5941.24 ,424.37 ,0.46 ,3078.20 ,5264.20 ,3410.00 ,2019.48 ,0.28 ,0.18 ,5249.00 ,1.03 ,32.00 ,8.00 ,88.00 ,7012.00 ,5692.00 ,27.00 ,2.00 ,77.00 ,30.00 ,0.53 ,0.36 ,3307.00 ,698.00 ,0.21 ,0.20 ,27900.00 ,1632.00 ,0.06 ,0.09 ,0.12 ,0.03 ,0.04 ,0.06 ,10006.94 ,4942.22 ,5.02 ,15.79 ,0.08 ,21.00 ,677.04 ,677.04 ,5.02 ,0.00 ,0.00 ,3393.04 ,0.00 ,46.00 ,0.00 ,919.00 ,2035.43 ,3692.10 ,62.97 ,909.00 ,0.74 ,14.72 ,16.30 ,73.76 ,156.00 ,1836.68 ,1556.36 ,879.32 ,2.30 ,4.00 ,4.00 ,0.00 
怡恩贝官方旗舰店,45711.00 ,13.92 ,10.00 ,59874.94 ,4301.36 ,10041.74 ,721.39 ,777.00 ,789.00 ,722.00 ,49833.20 ,633.00 ,585.00 ,0.00 ,75.88 ,0.00 ,0.00 ,0.83 ,59948.88 ,49833.20 ,10115.68 ,726.70 ,0.83 ,33783.55 ,8148.88 ,12552.00 ,16049.65 ,0.56 ,0.27 ,25494.00 ,1.00 ,216.00 ,48.00 ,151.00 ,112037.00 ,32936.00 ,274.00 ,17.00 ,1150.00 ,79.00 ,0.20 ,0.11 ,11167.00 ,1854.00 ,0.17 ,0.39 ,119700.00 ,4357.00 ,0.04 ,0.18 ,0.19 ,0.03 ,0.06 ,0.11 ,57908.14 ,8074.94 ,7.19 ,30.48 ,0.11 ,29.00 ,1966.80 ,1966.80 ,7.19 ,0.00 ,0.00 ,14074.19 ,0.00 ,187.00 ,0.00 ,1894.00 ,2348.59 ,7430.93 ,127.47 ,1698.00 ,1.16 ,10.52 ,30.48 ,75.26 ,566.00 ,11123.05 ,2951.14 ,984.34 ,1.50 ,64.00 ,64.00 ,0.00 
怡恩贝官方旗舰店,45712.00 ,9.93 ,9.00 ,39432.17 ,3971.01 ,10130.07 ,1020.15 ,514.00 ,522.00 ,493.00 ,29302.10 ,371.00 ,359.00 ,0.00 ,75.54 ,0.00 ,0.00 ,0.74 ,0.00 ,0.00 ,0.00 ,0.00 ,0.00 ,0.00 ,0.00 ,11177.00 ,0.00 ,0.00 ,0.00 ,18224.00 ,0.00 ,200.00 ,35.00 ,76.00 ,32835.00 ,12176.00 ,142.00 ,9.00 ,702.00 ,44.00 ,0.17 ,0.34 ,9838.00 ,1246.00 ,0.13 ,0.40 ,67700.00 ,2793.00 ,0.04 ,0.18 ,0.22 ,0.03 ,0.04 ,0.10 ,37633.33 ,8331.23 ,6.20 ,21.93 ,0.20 ,20.00 ,1798.84 ,1798.84 ,6.20 ,0.00 ,0.00 ,11132.44 ,0.00 ,151.00 ,0.00 ,2952.00 ,2163.75 ,3771.15 ,129.36 ,2726.00 ,0.66 ,11.91 ,0.00 ,73.72 ,414.00 ,8574.96 ,2557.48 ,758.64 ,1.42 ,25.01 ,25.01 ,0.00 
怡恩贝官方旗舰店,45713.00 ,10.74 ,10.00 ,27466.79 ,2557.43 ,17406.29 ,1620.70 ,359.00 ,368.00 ,347.00 ,10060.50 ,0.00 ,0.00 ,0.00 ,74.63 ,0.00 ,0.00 ,0.37 ,0.00 ,0.00 ,0.00 ,0.00 ,0.00 ,0.00 ,0.00 ,8158.00 ,0.00 ,0.00 ,0.00 ,15846.00 ,0.00 ,159.00 ,47.00 ,123.00 ,52919.00 ,13389.00 ,105.00 ,8.00 ,438.00 ,43.00 ,0.24 ,0.50 ,7726.00 ,867.00 ,0.11 ,0.40 ,65400.00 ,1849.00 ,0.03 ,0.19 ,0.23 ,0.02 ,0.04 ,0.10 ,27466.79 ,17406.29 ,0.00 ,0.00 ,0.04 ,0.00 ,0.00 ,0.00 ,0.00 ,0.00 ,0.00 ,0.00 ,0.00 ,0.00 ,0.00 ,0.00 ,1733.36 ,0.00 ,0.00 ,0.00 ,0.00 ,0.00 ,0.00 ,0.00 ,0.00 ,0.00 ,0.00 ,17406.29 ,0.00 ,0.00 ,0.00 ,0.00 
维妥科技2008009,45684.00 ,,,,,,,,,,,,,,,,,,,,,,,,,,,,,,,,,,,,,,,,,,,,,,,,,,,,,,,,,,,,,,,,,,,,,,,,,,,,,,,,,,,,,
百草味坚果旗舰店,45684.00 ,,,,,,,,,,,,,,,,,,,,,,,,,,,,,,,,,,,,,,,,,,,,,,,,,,,,,,,,,,,,,,,,,,,,,,,,,,,,,,,,,,,,,
